id,name,email,age,country,signup_date,spending_score
1,Alice Smith,alice@example.com,29,USA,2023-01-15,85.5
2,Bob Jones,invalid-email,42,USA,2023-02-20,42.0
3,Charlie Brown,charlie@sample.org,-5,USA,2023-03-10,91.2
4,Diana Prince,diana@themyscira.com,34,USA,2023-04-05,78.0
5,Evan Wright,,51,USA,2023-05-12,
6,Fiona Gallagher,fiona@chicago.org,26,USA,2023-06-18,65.4
7,George Clark,george@clark.io,45,USA,2023-07-22,12.0
8,Hannah Abbott,hannah@hogwarts.edu,19,USA,2023-08-30,55.0
9,Ian Malcolm,ian@chaos.net,48,USA,2023-09-14,999.0
1,Alice Smith,alice@example.com,29,USA,2023-01-15,85.5
11,Kevin Bacon,kevin@hollywood.com,65,USA,2023-11-01,70.0
12,Laura Croft,laura@tombraider.uk,31,USA,2023-12-05,88.2
